Sex,Single,Unemployed,Age,Credit,LoanDuration,PurposeOfLoan,InstallmentRate,Housing,Label,Prediction,BinaryPrediction
1.0,1,0,67,1169,6,3,4,1.0,1,0.99445826,1
0.0,0,0,22,5951,48,3,2,1.0,0,0.6894262,1
1.0,1,0,49,2096,12,2,2,1.0,1,0.9773329,1
1.0,1,0,45,7882,42,4,2,3.0,1,0.81468487,1
1.0,1,0,53,4870,24,6,3,3.0,0,0.50749856,1
1.0,1,0,35,9055,36,2,2,3.0,1,0.5054271,1
1.0,1,0,53,2835,24,4,3,1.0,1,0.75318533,1
1.0,1,0,35,6948,36,10,2,2.0,1,0.7588826,1
1.0,0,0,61,3059,12,3,2,1.0,1,0.9510717,1
1.0,0,1,28,5234,30,6,4,1.0,0,0.22684039,0
0.0,0,0,25,1295,12,6,3,2.0,0,0.3892897,0
0.0,0,0,24,4308,48,1,3,2.0,0,0.064784944,0
0.0,0,0,22,1567,12,3,1,1.0,1,0.7817381,1
1.0,1,0,60,1199,24,6,4,1.0,0,0.6680433,1
0.0,0,0,28,1403,15,6,2,2.0,1,0.5922254,1
0.0,0,0,32,1282,24,3,4,1.0,0,0.64585525,1
1.0,1,0,53,2424,24,3,4,1.0,1,0.8962202,1
1.0,1,0,25,8072,30,1,2,1.0,1,0.46440303,0
0.0,0,0,44,12579,24,10,4,3.0,0,0.023590736,0
1.0,1,0,31,3430,24,3,3,1.0,1,0.7954308,1
1.0,1,0,48,2134,9,6,4,1.0,1,0.7574767,1
1.0,1,0,44,2647,6,3,2,2.0,1,0.9708029,1
1.0,1,0,48,2241,10,6,1,2.0,1,0.98287296,1
1.0,1,0,44,1804,12,10,3,1.0,1,0.97212625,1
1.0,0,0,26,2069,10,4,2,1.0,1,0.73117304,1
1.0,1,0,36,1374,6,4,1,1.0,1,0.99367315,1
1.0,0,0,39,426,6,3,4,1.0,1,0.889282,1
0.0,0,0,42,409,12,3,3,2.0,1,0.9522095,1
1.0,1,0,34,2415,7,3,3,1.0,1,0.9513173,1
1.0,1,0,63,6836,60,1,3,1.0,0,0.0071104118,0
1.0,0,0,36,1913,18,1,3,1.0,1,0.71621054,1
1.0,1,0,27,4020,24,4,2,1.0,1,0.6680465,1
1.0,1,0,30,5866,18,6,2,1.0,1,0.71391714,1
1.0,1,0,57,1264,12,1,4,2.0,1,0.5813576,1
0.0,0,0,33,1474,12,4,4,1.0,1,0.7710897,1
1.0,1,0,25,4746,45,3,4,1.0,0,0.49658042,0
1.0,1,0,31,6110,48,2,1,3.0,1,0.8392713,1
1.0,1,0,37,2100,18,3,4,1.0,0,0.87842906,1
1.0,1,0,37,1225,10,5,2,1.0,1,0.9115867,1
1.0,1,0,24,458,9,3,4,1.0,1,0.8697248,1
1.0,1,0,30,2333,30,3,4,1.0,1,0.7747756,1
1.0,0,0,26,1158,12,3,3,1.0,1,0.78457993,1
1.0,1,0,44,6204,18,8,2,1.0,1,0.957787,1
1.0,0,0,24,6187,30,10,1,2.0,1,0.6697056,1
0.0,0,0,58,6143,48,10,4,3.0,0,0.5598829,1
0.0,0,0,35,1393,11,6,4,1.0,1,0.7170666,1
1.0,1,0,39,2299,36,3,4,1.0,1,0.79419947,1
0.0,0,1,23,1352,6,10,1,2.0,1,0.99089736,1
1.0,1,0,39,7228,11,6,1,1.0,1,0.78013957,1
0.0,0,0,28,2073,12,3,4,1.0,1,0.7245677,1
1.0,1,0,29,2333,24,4,4,1.0,1,0.764938,1
1.0,1,0,30,5965,27,10,1,1.0,1,0.98926497,1
1.0,1,0,25,1262,12,3,3,1.0,1,0.8675652,1
1.0,1,0,31,3378,18,10,2,1.0,1,0.9926609,1
1.0,1,0,57,2225,36,6,4,3.0,0,0.5132895,1
1.0,1,0,26,783,6,6,1,1.0,1,0.99082166,1
1.0,1,1,52,6468,12,3,2,1.0,0,0.2190367,0
0.0,0,0,31,9566,36,3,2,1.0,1,0.65744215,1
0.0,0,0,23,1961,18,6,3,1.0,1,0.5247275,1
0.0,0,0,23,6229,36,4,4,2.0,0,0.4227414,0
1.0,0,0,27,1391,9,1,2,1.0,1,0.91349727,1
1.0,1,0,50,1537,15,3,4,1.0,1,0.9498715,1
1.0,1,0,61,1953,36,1,4,3.0,0,0.00022281284,0
1.0,1,0,25,14421,48,1,2,1.0,0,0.03345161,0
0.0,0,0,26,3181,24,3,4,1.0,1,0.72470075,1
1.0,1,0,48,5190,27,8,4,1.0,1,0.77001673,1
0.0,0,0,29,2171,12,3,2,1.0,1,0.7958694,1
1.0,0,0,22,1007,12,6,4,1.0,1,0.4833382,0
1.0,1,0,37,1819,36,2,4,3.0,0,0.016035045,0
0.0,0,0,25,2394,36,3,4,1.0,1,0.60084224,1
0.0,0,0,30,8133,36,10,1,1.0,1,0.73841375,1
1.0,1,0,46,730,7,3,4,2.0,1,0.98614895,1
1.0,1,0,51,1164,8,7,3,3.0,1,0.94600135,1
0.0,0,0,41,5954,42,1,2,1.0,1,0.5285488,1
1.0,1,0,40,1977,36,2,4,1.0,0,0.78540736,1
1.0,1,0,66,1526,12,10,4,3.0,1,0.9243519,1
1.0,1,0,34,3965,42,3,4,1.0,0,0.7389669,1
1.0,1,0,51,4771,11,3,2,1.0,1,0.80022335,1
1.0,1,0,39,9436,54,10,2,1.0,1,0.77173847,1
1.0,0,0,22,3832,30,4,2,1.0,1,0.47810435,0
0.0,0,0,44,5943,24,3,1,1.0,0,0.60818434,1
1.0,1,0,47,1213,15,3,4,1.0,1,0.93701124,1
0.0,0,0,24,1568,18,1,3,2.0,1,0.6505602,1
0.0,0,0,58,1755,24,7,4,1.0,1,0.8100998,1
1.0,1,0,52,2315,10,3,3,1.0,1,0.9809155,1
0.0,0,0,29,1412,12,1,4,1.0,1,0.71827835,1
0.0,0,0,27,1295,18,4,4,1.0,1,0.688549,1
1.0,1,0,47,12612,36,2,1,3.0,0,0.07397288,0
1.0,1,0,30,2249,18,6,4,1.0,1,0.5718668,1
1.0,1,0,28,1108,12,8,4,1.0,0,0.57801837,1
1.0,1,0,56,618,12,3,4,1.0,1,0.98227316,1
1.0,1,0,54,1409,12,10,4,1.0,1,0.85920286,1
0.0,0,0,33,797,12,3,4,1.0,0,0.72258586,1
1.0,1,0,20,3617,24,4,4,2.0,1,0.5909413,1
1.0,1,0,54,1318,12,6,4,1.0,1,0.7925284,1
1.0,1,0,58,15945,54,1,3,2.0,0,0.00616443,0
0.0,0,0,61,2012,12,2,4,1.0,1,0.92477137,1
1.0,1,0,34,2622,18,1,4,1.0,1,0.8437363,1
1.0,1,0,36,2337,36,3,4,1.0,1,0.7873668,1
1.0,1,0,36,7057,20,10,3,2.0,1,0.7752668,1
1.0,0,0,41,1469,24,6,4,2.0,1,0.38096967,0
1.0,1,0,24,2323,36,3,4,2.0,1,0.3408232,0
0.0,0,0,24,932,6,3,3,1.0,1,0.7887121,1
1.0,1,0,35,1919,9,4,4,2.0,1,0.9135775,1
1.0,0,0,26,2445,12,10,2,2.0,1,0.9409818,1
1.0,1,0,39,11938,24,7,2,1.0,0,0.15352094,0
1.0,1,0,39,6458,18,6,2,1.0,0,0.78151953,1
1.0,1,0,32,6078,12,6,2,1.0,1,0.7893653,1
0.0,0,0,30,7721,24,4,1,1.0,1,0.2803305,0
1.0,0,0,35,1410,14,1,1,1.0,1,0.9613384,1
1.0,0,0,31,1449,6,1,1,1.0,1,0.98202085,1
0.0,0,0,23,392,15,2,4,2.0,1,0.6951953,1
1.0,1,0,28,6260,18,6,3,2.0,1,0.4581885,0
0.0,0,0,25,7855,36,6,4,1.0,0,0.4192088,0
1.0,0,0,35,1680,12,3,3,1.0,1,0.84575486,1
1.0,1,0,47,3578,48,3,4,1.0,1,0.8085026,1
0.0,0,0,30,7174,42,3,4,1.0,0,0.5976237,1
0.0,0,0,27,2132,10,4,2,2.0,1,0.71397585,1
0.0,0,0,23,4281,33,4,1,1.0,0,0.49830186,0
1.0,0,0,36,2366,12,6,3,1.0,1,0.7344373,1
0.0,0,0,25,1835,21,3,3,1.0,0,0.6904305,1
0.0,0,0,41,3868,24,10,4,2.0,1,0.6253263,1
1.0,1,0,24,1768,12,4,3,2.0,1,0.7285641,1
1.0,1,0,63,781,10,6,4,3.0,1,0.98719054,1
0.0,0,0,27,1924,18,4,4,2.0,0,0.43541643,0
1.0,1,0,30,2121,12,6,4,1.0,1,0.6164533,1
1.0,0,0,40,701,12,3,4,1.0,1,0.81306756,1
1.0,1,0,30,639,12,8,4,1.0,0,0.5458742,1
1.0,1,1,34,1860,12,10,4,1.0,1,0.7945058,1
0.0,0,0,29,3499,12,6,3,1.0,0,0.7739484,1
0.0,0,0,24,8487,48,6,1,1.0,1,0.54273015,1
1.0,1,0,29,6887,36,2,4,1.0,0,0.50269294,1
1.0,1,0,27,2708,15,4,2,1.0,1,0.7719247,1
1.0,1,0,47,1984,18,4,4,3.0,1,0.9106323,1
0.0,0,0,21,10144,60,3,2,1.0,1,0.888417,1
0.0,0,0,38,1240,12,3,4,1.0,1,0.80561626,1
1.0,1,0,27,8613,27,10,2,1.0,1,0.676234,1
1.0,1,0,66,766,12,3,4,1.0,0,0.9899455,1
1.0,1,0,35,2728,15,3,4,1.0,1,0.90299267,1
0.0,0,0,44,1881,12,3,2,2.0,1,0.96097654,1
1.0,0,0,27,709,6,6,2,1.0,1,0.7926585,1
0.0,0,0,30,4795,36,3,4,1.0,1,0.6784388,1
1.0,1,0,27,3416,27,3,3,1.0,1,0.7325376,1
1.0,1,0,22,2462,18,4,2,1.0,0,0.6896436,1
0.0,0,0,23,2288,21,4,4,1.0,1,0.68971276,1
1.0,1,0,30,3566,48,1,4,1.0,1,0.06724567,0
0.0,0,0,39,860,6,6,1,1.0,1,0.9825239,1
0.0,0,0,51,682,12,6,4,1.0,1,0.83981895,1
1.0,1,0,28,5371,36,4,3,1.0,1,0.6419735,1
1.0,1,0,46,1582,18,3,4,1.0,1,0.9004155,1
1.0,1,0,42,1346,6,3,2,3.0,1,0.98510104,1
1.0,1,0,38,1924,10,3,1,1.0,1,0.9867263,1
1.0,1,0,24,5848,36,3,4,1.0,1,0.6017052,1
0.0,0,0,29,7758,24,10,2,2.0,1,0.4505725,0
1.0,1,0,36,6967,24,1,4,2.0,1,0.028638527,0
0.0,0,0,20,1282,12,4,2,2.0,0,0.43456143,0
1.0,1,0,48,1288,9,8,3,1.0,1,0.902666,1
1.0,0,0,45,339,12,9,4,1.0,1,0.7510789,1
1.0,1,0,38,3512,24,6,2,1.0,1,0.8699245,1
1.0,1,0,34,1898,6,3,1,1.0,1,0.98616904,1
1.0,1,0,36,2872,24,3,3,1.0,1,0.79038507,1
0.0,0,0,30,1055,18,6,4,1.0,1,0.47130463,0
1.0,1,0,36,1262,15,5,4,1.0,1,0.6174763,1
1.0,1,1,70,7308,10,6,2,3.0,1,0.7211745,1
1.0,1,0,36,909,36,6,4,1.0,1,0.46451554,0
1.0,1,0,32,2978,6,4,1,1.0,1,0.9776297,1
0.0,0,1,33,1131,18,4,4,1.0,0,0.11770519,0
0.0,0,0,20,1577,11,4,4,1.0,1,0.7341341,1
0.0,0,0,25,3972,24,4,2,2.0,1,0.27040023,0
1.0,0,0,31,1935,24,1,4,1.0,0,0.51583046,1
1.0,1,0,33,950,15,6,4,2.0,0,0.397293,0
0.0,0,0,26,763,12,4,4,1.0,1,0.7106787,1
0.0,0,1,34,2064,24,4,3,1.0,0,0.15148728,0
1.0,1,0,33,1414,8,3,4,1.0,1,0.91624975,1
1.0,1,0,26,3414,21,2,2,1.0,0,0.7967507,1
0.0,0,1,53,7485,30,10,4,1.0,0,0.5085413,1
1.0,0,0,42,2577,12,4,2,1.0,1,0.8304421,1
1.0,1,0,52,338,6,3,4,1.0,1,0.9908801,1
1.0,1,0,31,1963,12,3,4,2.0,1,0.8492909,1
1.0,1,0,65,571,21,6,4,1.0,1,0.8365845,1
1.0,0,0,28,9572,36,1,1,1.0,0,0.10246121,0
1.0,0,0,30,4455,36,1,2,1.0,0,0.32244265,0
1.0,1,0,40,1647,21,6,4,1.0,0,0.41089,0
1.0,1,0,50,3777,24,4,4,1.0,1,0.8180897,1
1.0,1,0,36,884,18,6,4,1.0,0,0.4071083,0
1.0,1,0,31,1360,15,3,4,1.0,1,0.87126106,1
0.0,0,0,74,5129,9,10,2,3.0,0,0.64726424,1
1.0,1,1,68,1175,16,6,2,3.0,1,0.9915714,1
1.0,0,0,20,674,12,3,4,1.0,0,0.6907454,1
0.0,0,0,33,3244,18,4,1,1.0,1,0.8142633,1
1.0,1,0,54,4591,24,1,2,1.0,0,0.115570135,0
1.0,1,0,34,3844,48,1,4,3.0,0,0.00026149905,0
1.0,1,0,36,3915,27,1,4,1.0,0,0.6325403,1
1.0,0,0,29,2108,6,3,2,2.0,1,0.908611,1
1.0,1,0,21,3031,45,3,4,2.0,0,0.16388807,0
0.0,0,0,34,1501,9,2,2,1.0,0,0.9469551,1
0.0,0,0,28,1382,6,3,1,1.0,1,0.9445849,1
0.0,0,0,27,951,12,4,4,2.0,0,0.5180351,1
1.0,1,0,36,2760,24,10,4,3.0,1,0.42809853,0
1.0,0,0,40,4297,18,4,4,1.0,0,0.8303444,1
1.0,1,0,52,936,9,2,4,1.0,1,0.98868173,1
1.0,0,0,27,1168,12,6,4,1.0,1,0.48665953,0
1.0,1,0,26,5117,27,1,3,1.0,1,0.5025687,1
1.0,0,0,21,902,12,9,4,2.0,0,0.43348044,0
1.0,1,0,38,1495,12,6,4,1.0,1,0.5241221,1
1.0,1,0,38,10623,30,10,3,3.0,1,0.10105797,0
1.0,1,0,43,1935,12,4,4,1.0,1,0.8690187,1
1.0,1,0,26,1424,12,5,4,1.0,1,0.73226446,1
1.0,0,0,21,6568,24,1,2,1.0,1,0.17402807,0
1.0,1,0,55,1413,12,10,3,1.0,1,0.97841436,1
1.0,1,0,33,3074,9,3,1,1.0,1,0.96104217,1
0.0,0,0,45,3835,36,3,2,1.0,1,0.67356855,1
1.0,1,1,50,5293,27,1,2,1.0,0,0.05249342,0
1.0,1,0,66,1908,30,1,4,1.0,0,0.15473816,0
1.0,1,0,51,3342,36,3,4,1.0,1,0.819548,1
0.0,0,0,39,932,6,9,1,1.0,1,0.99774283,1
1.0,1,0,31,3104,18,1,3,1.0,1,0.813101,1
1.0,1,0,23,3913,36,3,2,1.0,1,0.60548156,1
1.0,0,0,24,3021,24,4,2,2.0,1,0.32075137,0
0.0,0,0,64,1364,10,6,2,1.0,1,0.9834393,1
1.0,0,0,26,625,12,3,4,1.0,1,0.72133815,1
0.0,0,0,23,1200,12,2,4,2.0,1,0.5761159,1
1.0,1,0,30,707,12,3,4,1.0,1,0.87623525,1
1.0,1,0,32,2978,24,1,4,1.0,1,0.7518005,1
1.0,1,0,30,4657,15,10,3,1.0,1,0.96334267,1
1.0,1,0,27,2613,36,8,4,1.0,1,0.6959365,1
1.0,1,0,27,10961,48,3,1,1.0,0,0.47223333,0
1.0,1,0,53,7865,12,4,4,3.0,0,0.11097395,0
1.0,1,0,22,1478,9,3,4,1.0,0,0.86899084,1
1.0,1,0,22,3149,24,4,4,3.0,1,0.44575202,0
1.0,1,0,26,4210,36,3,4,1.0,0,0.6378525,1
1.0,1,0,51,2507,9,6,2,3.0,1,0.8686631,1
1.0,1,0,35,2141,12,3,3,1.0,1,0.90050125,1
1.0,0,0,25,866,18,3,4,1.0,1,0.6855715,1
1.0,1,0,42,1544,4,3,2,1.0,1,0.98957586,1
1.0,1,1,30,1823,24,3,4,1.0,0,0.38374498,0
1.0,1,1,23,14555,6,6,1,1.0,0,0.48578587,0
1.0,0,0,61,2767,21,1,4,2.0,0,0.04283059,0
0.0,0,0,35,1291,12,3,4,1.0,1,0.7702926,1
1.0,1,0,39,2522,30,3,1,1.0,1,0.90981895,1
0.0,0,0,29,915,24,6,4,1.0,0,0.3227318,0
1.0,1,0,51,1595,6,3,3,1.0,1,0.9911671,1
1.0,1,0,24,4605,48,10,3,3.0,0,0.21329989,0
0.0,0,0,27,1185,12,1,3,1.0,1,0.8790139,1
0.0,0,0,35,3447,12,9,4,1.0,1,0.86151016,1
1.0,1,0,25,1258,24,1,4,1.0,1,0.6856977,1
1.0,1,0,52,717,12,3,4,1.0,1,0.9757123,1
1.0,1,0,35,1204,6,6,4,2.0,1,0.76261884,1
1.0,1,0,26,1925,24,4,2,1.0,1,0.6758731,1
0.0,0,1,22,433,18,3,3,2.0,0,0.12780054,0
0.0,0,0,39,666,6,6,3,1.0,1,0.8658984,1
0.0,0,0,46,2251,12,4,1,1.0,1,0.9247451,1
0.0,0,0,24,2150,30,6,4,1.0,0,0.3114023,0
1.0,1,0,35,4151,24,4,2,1.0,1,0.7438722,1
1.0,1,0,24,2030,9,4,2,1.0,1,0.817027,1
1.0,1,0,27,7418,60,3,1,1.0,1,0.8682282,1
1.0,1,0,35,2684,24,3,4,1.0,1,0.86434823,1
1.0,0,0,29,2149,12,3,4,3.0,0,0.27966318,0
0.0,0,0,23,3812,15,10,1,1.0,1,0.9782934,1
0.0,0,1,57,1154,11,3,4,1.0,1,0.75719035,1
1.0,1,0,27,1657,12,4,2,1.0,1,0.8053344,1
0.0,0,0,55,1603,24,3,4,1.0,1,0.819501,1
1.0,1,0,36,5302,18,6,2,3.0,1,0.49693286,0
0.0,0,0,57,2748,12,2,2,3.0,1,0.9299739,1
1.0,1,0,32,1231,10,6,3,1.0,1,0.60062546,1
1.0,1,0,37,802,15,3,4,1.0,0,0.8749093,1
1.0,1,0,36,6304,36,1,4,1.0,1,0.29364085,0
0.0,0,0,38,1533,24,3,4,1.0,1,0.65369016,1
1.0,0,0,45,8978,14,6,1,1.0,0,0.2645962,0
1.0,1,0,25,999,24,3,4,1.0,1,0.76643986,1
1.0,1,0,32,2662,18,6,4,1.0,1,0.5699747,1
0.0,0,0,37,1402,12,4,3,2.0,1,0.84535694,1
1.0,1,1,36,12169,48,6,4,3.0,1,0.86255336,1
1.0,1,0,28,3060,48,3,4,1.0,0,0.60391146,1
1.0,0,0,34,11998,30,8,1,1.0,0,0.11760033,0
1.0,1,0,32,2697,9,3,1,1.0,1,0.9636166,1
0.0,0,0,26,2404,18,3,2,1.0,1,0.6119665,1
1.0,0,0,49,1262,12,4,2,1.0,1,0.9043051,1
0.0,0,0,32,4611,6,4,1,1.0,0,0.5834207,1
1.0,1,0,29,1901,24,3,4,2.0,1,0.68554634,1
1.0,1,0,23,3368,15,10,3,2.0,1,0.8571163,1
1.0,1,0,50,1574,12,4,4,1.0,1,0.9166749,1
1.0,1,0,49,1445,18,3,4,1.0,1,0.92347693,1
1.0,1,0,63,1520,15,4,4,1.0,1,0.96296877,1
1.0,0,0,37,3878,24,6,4,1.0,1,0.5556467,1
0.0,0,0,35,10722,47,6,1,1.0,1,0.47748753,0
1.0,1,0,26,4788,48,10,4,1.0,1,0.7255171,1
1.0,1,1,31,7582,48,7,2,3.0,1,0.8495565,1
0.0,0,0,49,1092,12,3,4,1.0,1,0.9177781,1
1.0,0,0,48,1024,24,3,4,1.0,0,0.7515546,1
1.0,0,0,26,1076,12,1,2,1.0,1,0.91467583,1
1.0,0,0,28,9398,36,10,1,2.0,0,0.2850501,0
0.0,0,0,44,6419,24,10,2,3.0,1,0.5932779,1
1.0,1,0,56,4796,42,10,4,3.0,1,0.5175848,1
1.0,0,0,46,7629,48,1,4,1.0,1,0.032749854,0
0.0,0,0,26,9960,48,4,1,1.0,0,0.58635026,1
0.0,0,0,20,4675,12,10,1,2.0,1,0.7312632,1
1.0,1,0,45,1287,10,6,4,1.0,1,0.65607125,1
1.0,1,0,43,2515,18,4,3,1.0,1,0.7191962,1
1.0,1,0,32,2745,21,4,3,1.0,1,0.6981399,1
0.0,0,1,54,672,6,6,1,1.0,1,0.9968693,1
0.0,0,0,42,3804,36,3,4,1.0,0,0.6538505,1
1.0,1,0,37,1344,24,6,4,1.0,0,0.40787095,0
1.0,1,0,49,1038,10,6,4,1.0,1,0.7388537,1
1.0,1,0,44,10127,48,6,2,3.0,0,0.6874007,1
1.0,0,0,33,1543,6,4,4,1.0,1,0.86658376,1
0.0,0,0,24,4811,30,10,2,2.0,1,0.83748406,1
1.0,0,0,33,727,12,3,4,1.0,0,0.74575526,1
0.0,0,0,24,1237,8,4,3,1.0,0,0.7091952,1
1.0,0,0,22,276,9,6,4,2.0,1,0.3358519,0
1.0,1,1,40,5381,48,7,3,3.0,1,0.76489264,1
1.0,1,0,25,5511,24,4,4,1.0,1,0.81691176,1
0.0,0,0,26,3749,24,4,2,1.0,1,0.43496355,0
1.0,0,0,25,685,12,6,2,1.0,0,0.7227873,1
1.0,1,0,29,1494,4,6,1,1.0,1,0.99358696,1
1.0,1,0,31,2746,36,4,4,1.0,0,0.6235593,1
1.0,1,0,38,708,12,4,2,1.0,1,0.9026456,1
0.0,0,0,48,4351,24,4,1,1.0,1,0.8549064,1
1.0,1,0,32,701,12,2,4,1.0,1,0.89716005,1
0.0,0,0,27,3643,15,4,1,1.0,1,0.72166187,1
1.0,0,1,28,4249,30,6,4,1.0,0,0.17746271,0
1.0,0,0,32,1938,24,3,4,1.0,0,0.6813367,1
1.0,1,0,34,2910,24,10,2,3.0,1,0.83837146,1
1.0,1,0,28,2659,18,4,4,1.0,1,0.8445772,1
0.0,0,0,36,1028,18,6,4,1.0,1,0.56513673,1
1.0,1,0,39,3398,8,6,1,1.0,1,0.9927925,1
1.0,1,0,49,5801,12,4,2,2.0,1,0.517245,1
0.0,0,0,34,1525,24,6,4,1.0,1,0.44493186,0
1.0,1,0,31,4473,36,3,4,1.0,1,0.73076403,1
1.0,1,0,28,1068,6,3,4,1.0,1,0.91281515,1
1.0,1,1,75,6615,24,10,2,3.0,1,0.95143163,1
0.0,0,0,30,1864,18,2,4,1.0,0,0.6534175,1
0.0,0,0,24,7408,60,6,4,1.0,0,0.5347289,1
0.0,0,0,24,11590,48,10,2,2.0,0,0.20052293,0
1.0,1,0,23,4110,24,4,3,2.0,0,0.4592443,0
1.0,0,0,44,3384,6,4,1,2.0,0,0.66826344,1
0.0,0,0,23,2101,13,3,2,1.0,1,0.6660166,1
0.0,0,0,24,1275,15,5,4,2.0,0,0.34135196,0
1.0,1,0,28,4169,24,4,4,1.0,1,0.8074068,1
1.0,0,0,31,1521,10,4,4,1.0,1,0.8075957,1
0.0,0,0,24,5743,24,2,2,3.0,1,0.6997467,1
0.0,0,0,26,3599,21,4,1,2.0,1,0.6557553,1
1.0,0,0,25,3213,18,3,1,2.0,1,0.7718587,1
1.0,1,0,33,4439,18,1,1,1.0,1,0.6656789,1
1.0,1,0,37,3949,10,6,1,1.0,1,0.98517835,1
0.0,0,0,43,1459,15,3,4,1.0,1,0.82530415,1
1.0,1,0,23,882,13,3,4,1.0,1,0.8410067,1
0.0,0,1,23,3758,24,3,1,2.0,1,0.94819367,1
1.0,1,0,34,1743,6,1,1,1.0,1,0.9869007,1
1.0,1,0,32,1136,9,2,4,3.0,0,0.51546645,1
0.0,0,0,23,1236,9,5,1,2.0,1,0.8872077,1
0.0,0,0,29,959,9,4,1,1.0,0,0.9093976,1
1.0,1,1,38,3229,18,10,2,1.0,1,0.9978866,1
1.0,1,0,28,6199,12,3,4,2.0,0,0.4729891,0
1.0,1,0,46,727,10,2,4,3.0,1,0.773201,1
1.0,1,0,23,1246,24,6,4,1.0,0,0.535829,1
1.0,1,0,49,2331,12,3,1,1.0,1,0.98921305,1
1.0,1,0,26,4463,36,3,4,1.0,0,0.6424337,1
1.0,0,0,28,776,12,3,4,1.0,1,0.7372677,1
0.0,0,0,23,2406,30,4,4,2.0,0,0.33516917,0
1.0,1,0,61,1239,18,2,4,3.0,1,0.22360502,0
1.0,1,0,37,3399,12,3,2,1.0,1,0.91585475,1
0.0,0,0,36,2247,12,6,2,1.0,1,0.86817837,1
1.0,0,0,21,1766,6,4,1,2.0,1,0.9153115,1
1.0,1,1,25,2473,18,4,4,1.0,0,0.50461185,1
1.0,1,0,36,1542,12,1,2,1.0,1,0.97581196,1
1.0,1,0,27,3850,18,10,3,1.0,1,0.956378,1
0.0,0,0,22,3650,18,4,1,2.0,1,0.67938817,1
1.0,1,0,42,3446,36,4,4,1.0,0,0.66726416,1
0.0,0,0,40,3001,18,4,2,2.0,1,0.7663634,1
1.0,1,0,36,3079,36,6,4,1.0,1,0.56249535,1
1.0,1,0,33,6070,18,3,3,1.0,1,0.81361306,1
0.0,0,0,23,2146,10,4,1,2.0,1,0.8746586,1
1.0,1,0,63,13756,60,6,2,3.0,1,0.77829146,1
0.0,0,0,60,14782,60,7,3,3.0,0,0.3766736,0
0.0,0,0,37,7685,48,1,2,2.0,0,0.063290805,0
1.0,0,1,34,2320,18,3,2,1.0,1,0.64199215,1
1.0,1,0,36,846,7,3,3,3.0,1,0.9703423,1
1.0,1,0,57,14318,36,6,4,3.0,0,0.03198954,0
0.0,0,0,52,362,6,6,4,1.0,1,0.9138136,1
1.0,1,0,39,2212,20,4,4,1.0,1,0.7482256,1
0.0,0,1,38,12976,18,10,3,3.0,0,0.17214221,0
0.0,0,0,25,1283,22,6,4,2.0,1,0.1675132,0
1.0,1,0,26,1330,12,6,4,1.0,1,0.62255365,1
1.0,1,0,26,4272,30,1,2,1.0,1,0.6211928,1
0.0,0,0,25,2238,18,3,2,1.0,1,0.6026494,1
0.0,0,0,21,1126,18,3,4,2.0,1,0.46001232,0
1.0,1,1,40,7374,18,4,4,1.0,1,0.69583887,1
1.0,1,0,27,2326,15,1,2,1.0,1,0.8988442,1
0.0,0,0,27,1449,9,1,3,1.0,1,0.85734534,1
1.0,0,0,30,1820,18,6,2,1.0,1,0.8089328,1
0.0,0,0,19,983,12,4,1,2.0,1,0.88297236,1
1.0,1,0,39,3249,36,6,2,3.0,1,0.6029216,1
0.0,0,0,31,1957,6,3,1,1.0,1,0.9506982,1
1.0,1,1,31,2406,9,4,2,1.0,1,0.88601136,1
1.0,1,0,32,11760,39,2,2,2.0,1,0.35109726,0
0.0,0,1,55,2578,12,4,3,3.0,1,0.9648975,1
1.0,0,0,46,2348,36,4,3,1.0,1,0.5356041,1
1.0,0,0,46,1223,12,6,1,2.0,0,0.9323622,1
0.0,0,0,43,1516,24,3,4,1.0,1,0.72230244,1
1.0,0,0,39,1473,18,3,3,1.0,1,0.76187754,1
1.0,0,0,28,1887,18,1,4,1.0,1,0.5840748,1
1.0,1,0,27,8648,24,1,2,1.0,0,0.19410843,0
1.0,1,0,27,802,14,6,4,1.0,1,0.5506259,1
1.0,1,0,43,2899,18,6,4,1.0,1,0.60353714,1
1.0,0,0,22,2039,24,3,1,1.0,0,0.52782834,1
1.0,1,0,43,2197,24,10,4,1.0,1,0.8807578,1
1.0,0,0,27,1053,15,3,4,1.0,1,0.7241069,1
1.0,0,0,26,3235,24,3,3,1.0,1,0.7083054,1
1.0,0,0,28,939,12,6,4,1.0,0,0.46753815,0
0.0,0,0,20,1967,24,3,4,1.0,1,0.6790402,1
1.0,1,0,35,7253,33,10,3,1.0,1,0.87402666,1
1.0,1,1,42,2292,12,1,4,1.0,0,0.25098452,0
1.0,1,0,40,1597,10,6,3,2.0,1,0.80509555,1
0.0,0,0,35,1381,24,6,4,1.0,0,0.46310356,0
1.0,1,0,35,5842,36,10,2,1.0,1,0.9643631,1
1.0,1,0,33,2579,12,6,4,1.0,0,0.6106247,1
0.0,0,0,23,8471,18,2,1,2.0,1,0.74638206,1
0.0,0,0,31,2782,21,6,1,1.0,1,0.9274883,1
0.0,0,0,33,1042,18,6,4,1.0,0,0.516199,1
0.0,0,0,20,3186,15,6,2,2.0,1,0.44151607,0
1.0,1,0,30,2028,12,10,4,1.0,1,0.87513113,1
1.0,1,0,47,958,12,6,2,1.0,1,0.97494155,1
1.0,1,0,34,1591,21,4,4,1.0,1,0.72754574,1
0.0,0,0,25,2762,12,4,1,1.0,0,0.76517534,1
1.0,0,0,21,2779,18,10,1,2.0,1,0.9383466,1
1.0,1,0,29,2743,28,3,4,1.0,1,0.79217196,1
1.0,1,0,46,1149,18,3,4,1.0,1,0.90304625,1
1.0,1,0,20,1313,9,4,1,1.0,1,0.9013856,1
0.0,0,1,55,1190,18,8,2,3.0,0,0.95791537,1
1.0,1,0,74,3448,5,1,1,1.0,1,0.9681979,1
1.0,1,0,29,11328,24,7,2,1.0,0,0.11454802,0
1.0,1,1,36,1872,6,4,4,3.0,1,0.65392435,1
1.0,0,0,33,2058,24,8,4,1.0,1,0.5908216,1
1.0,1,0,25,2136,9,4,3,1.0,1,0.8294696,1
1.0,0,0,25,1484,12,3,2,1.0,0,0.74941874,1
1.0,0,0,23,660,6,8,2,2.0,1,0.81236994,1
0.0,0,0,37,1287,24,6,4,1.0,1,0.4971293,0
1.0,1,1,65,3394,42,8,4,1.0,1,0.6565856,1
0.0,0,0,26,609,12,1,4,1.0,0,0.8576537,1
1.0,1,0,39,1884,12,6,4,1.0,1,0.5704933,1
0.0,0,0,30,1620,12,4,2,1.0,1,0.7629395,1
1.0,1,0,29,2629,20,7,2,1.0,1,0.90573436,1
1.0,1,0,41,719,12,2,4,1.0,0,0.9526223,1
0.0,0,0,30,5096,48,4,2,1.0,0,0.6032335,1
0.0,0,0,41,1244,9,2,4,2.0,1,0.7025951,1
0.0,0,0,34,1842,36,6,4,1.0,0,0.25707677,0
1.0,1,0,35,2576,7,3,2,1.0,1,0.96366495,1
0.0,0,0,55,1424,12,4,3,1.0,1,0.9623196,1
1.0,0,0,61,1512,15,8,3,1.0,0,0.84876835,1
1.0,1,0,30,11054,36,10,4,1.0,1,0.6022033,1
0.0,0,0,29,518,6,3,3,1.0,1,0.8767873,1
1.0,1,0,34,2759,12,4,2,1.0,1,0.85250497,1
1.0,1,0,35,2670,24,10,4,1.0,1,0.899824,1
1.0,1,0,31,4817,24,6,2,1.0,0,0.7425247,1
0.0,0,0,29,2679,24,10,4,1.0,1,0.8503931,1
1.0,1,0,36,3905,11,6,2,2.0,1,0.78916484,1
1.0,1,0,35,3386,12,10,3,3.0,0,0.68544704,1
0.0,0,0,27,343,6,5,4,1.0,1,0.67655605,1
1.0,1,0,32,4594,18,3,3,1.0,1,0.8721271,1
1.0,1,0,37,3620,36,4,1,1.0,1,0.8267614,1
1.0,1,0,36,1721,15,6,2,1.0,1,0.8881309,1
0.0,0,0,34,3017,12,4,3,2.0,1,0.7027649,1
1.0,1,0,38,754,12,9,4,1.0,1,0.71850723,1
1.0,1,0,34,1950,18,1,4,1.0,1,0.8595876,1
1.0,1,0,63,2924,24,10,3,1.0,1,0.9750211,1
0.0,0,0,29,1659,24,3,4,2.0,0,0.3723969,0
1.0,1,0,32,7238,48,3,3,1.0,1,0.80660236,1
0.0,0,0,26,2764,33,1,2,1.0,1,0.6536412,1
1.0,1,0,35,4679,24,10,3,1.0,1,0.9560013,1
1.0,0,0,22,3092,24,3,3,2.0,0,0.41927478,0
0.0,0,0,23,448,6,2,4,1.0,0,0.7286665,1
1.0,1,0,28,654,9,6,4,1.0,0,0.57134646,1
1.0,1,1,36,1238,6,9,4,1.0,1,0.64018136,1
1.0,0,0,33,1245,18,3,4,1.0,0,0.72490734,1
0.0,0,0,26,3114,18,4,1,2.0,0,0.670768,1
1.0,1,0,24,2569,39,10,4,1.0,1,0.80298144,1
1.0,1,0,25,5152,24,3,4,1.0,1,0.80857694,1
1.0,1,0,39,1037,12,1,3,1.0,1,0.9725397,1
1.0,1,0,44,1478,15,4,4,1.0,1,0.8146862,1
0.0,0,0,23,3573,12,3,1,1.0,1,0.7292394,1
1.0,1,0,26,1201,24,6,4,1.0,1,0.5223828,1
0.0,0,0,57,3622,30,4,4,2.0,1,0.80353814,1
0.0,0,0,30,960,15,4,3,1.0,1,0.65193796,1
1.0,1,0,44,1163,12,6,4,1.0,1,0.57656527,1
1.0,1,1,47,1209,6,6,4,1.0,0,0.44439682,0
1.0,1,0,52,3077,12,3,2,1.0,1,0.95188594,1
0.0,0,0,62,3757,24,6,4,3.0,1,0.8720089,1
1.0,1,0,35,1418,10,6,3,2.0,1,0.72565055,1
1.0,1,0,26,3518,6,6,2,2.0,1,0.7843635,1
1.0,1,0,26,1934,12,3,2,1.0,1,0.85065585,1
0.0,0,0,42,8318,27,1,2,3.0,0,0.010929278,0
0.0,0,0,27,1237,6,3,1,1.0,1,0.94265825,1
1.0,1,0,38,368,6,3,4,1.0,1,0.96269786,1
1.0,1,0,39,2122,12,6,3,2.0,1,0.73595726,1
1.0,0,0,20,2996,24,4,2,1.0,0,0.46438026,0
1.0,1,0,29,9034,36,4,4,2.0,0,0.49727622,0
1.0,1,0,40,1585,24,4,4,1.0,1,0.65976447,1
1.0,0,0,32,1301,18,3,4,1.0,1,0.7245224,1
1.0,0,0,28,1323,6,6,2,1.0,1,0.81990516,1
0.0,0,0,27,3123,24,6,4,1.0,0,0.400018,0
1.0,1,0,42,5493,36,10,2,3.0,1,0.77225274,1
1.0,0,0,49,1126,9,3,2,1.0,1,0.97225505,1
1.0,1,0,38,1216,24,3,4,1.0,0,0.81396806,1
0.0,0,0,24,1207,24,6,4,2.0,0,0.14692733,0
1.0,1,0,27,1309,10,6,4,1.0,0,0.62319404,1
1.0,1,0,36,2360,15,10,2,1.0,1,0.99623,1
1.0,1,1,34,6850,15,6,1,1.0,0,0.9588695,1
1.0,0,0,28,1413,24,3,4,1.0,1,0.6530617,1
1.0,1,0,45,8588,39,10,4,1.0,1,0.82674086,1
1.0,1,0,26,759,12,6,4,1.0,0,0.58180773,1
1.0,1,0,32,4686,36,10,2,3.0,1,0.6880978,1
1.0,1,0,26,2687,15,1,2,2.0,1,0.60849035,1
1.0,0,0,20,585,12,3,4,2.0,1,0.56011105,1
1.0,1,0,54,2255,24,6,4,1.0,1,0.6079238,1
0.0,0,0,37,609,6,6,4,1.0,1,0.78031135,1
1.0,1,0,40,1361,6,6,2,1.0,1,0.96775186,1
0.0,0,0,23,7127,36,4,2,2.0,0,0.43041232,0
1.0,1,0,43,1203,6,6,3,1.0,1,0.86315006,1
1.0,1,0,36,700,6,3,4,3.0,1,0.9475837,1
1.0,1,0,44,5507,24,8,3,3.0,1,0.42918226,0
0.0,0,0,24,3190,18,3,2,1.0,0,0.62379026,1
1.0,1,0,53,7119,48,4,3,3.0,0,0.6288068,1
0.0,0,0,23,3488,24,10,3,1.0,1,0.92330426,1
0.0,0,0,26,1113,18,3,4,1.0,1,0.70236534,1
1.0,1,0,30,7966,26,10,2,1.0,1,0.8265254,1
0.0,0,0,31,1532,15,2,4,1.0,1,0.66773516,1
1.0,1,0,42,1503,4,3,2,1.0,1,0.9896282,1
1.0,0,0,31,2302,36,3,4,2.0,0,0.3028448,0
1.0,1,0,41,662,6,6,3,1.0,1,0.83843315,1
1.0,1,0,32,2273,36,2,3,1.0,1,0.7139125,1
0.0,0,0,28,2631,15,6,2,2.0,0,0.57417226,1
1.0,0,0,41,1503,12,10,4,2.0,1,0.7574746,1
1.0,0,0,26,1311,24,3,4,1.0,1,0.63539577,1
1.0,1,0,25,3105,24,3,4,1.0,1,0.78969127,1
1.0,0,0,33,2319,21,2,2,2.0,0,0.6822988,1
0.0,0,1,75,1374,6,6,4,1.0,1,0.9318119,1
0.0,0,0,37,3612,18,4,3,1.0,1,0.7773899,1
1.0,1,0,42,7763,48,6,4,3.0,0,0.2603464,0
0.0,0,0,45,3049,18,4,1,1.0,1,0.8873032,1
1.0,0,0,23,1534,12,3,1,2.0,0,0.8852687,1
1.0,1,0,60,2032,24,6,4,3.0,1,0.8759229,1
1.0,1,0,31,6350,30,4,4,1.0,0,0.77154154,1
1.0,1,0,34,2864,18,4,2,1.0,0,0.76930916,1
1.0,1,0,61,1255,12,6,4,1.0,1,0.91054416,1
1.0,1,1,43,1333,24,6,4,3.0,0,0.2585683,0
0.0,0,0,37,2022,24,6,4,1.0,1,0.5290395,1
1.0,1,0,32,1552,24,3,3,1.0,1,0.73903126,1
0.0,0,0,24,626,12,3,4,1.0,0,0.7032933,1
1.0,1,0,35,8858,48,10,2,3.0,1,0.5242593,1
0.0,0,0,23,996,12,8,4,1.0,1,0.60663474,1
1.0,1,0,45,1750,6,3,2,1.0,1,0.98821896,1
1.0,0,0,34,6999,48,3,1,1.0,0,0.77265495,1
1.0,1,0,27,1995,12,6,4,1.0,1,0.65321666,1
0.0,0,0,67,1199,9,2,4,1.0,1,0.9752138,1
1.0,1,0,22,1331,12,3,2,1.0,0,0.80857766,1
0.0,0,0,28,2278,18,6,3,1.0,0,0.5885795,1
0.0,0,0,29,5003,21,6,1,1.0,0,0.7597498,1
1.0,1,0,27,3552,24,4,3,1.0,0,0.66655946,1
1.0,1,0,31,1928,18,4,2,1.0,0,0.73685986,1
1.0,1,0,49,2964,24,10,4,3.0,1,0.6040453,1
1.0,1,0,24,1546,24,3,4,2.0,0,0.59225816,1
0.0,0,0,29,683,6,3,2,1.0,1,0.93316996,1
1.0,1,0,37,12389,36,6,1,3.0,0,0.2524995,0
1.0,1,0,37,4712,24,1,4,1.0,1,0.5693377,1
0.0,0,0,23,1553,24,3,3,2.0,1,0.44691482,0
1.0,0,0,36,1372,12,6,2,1.0,0,0.790262,1
1.0,1,0,34,2578,24,3,2,1.0,1,0.7422125,1
1.0,1,0,41,3979,48,3,4,1.0,1,0.80771077,1
0.0,0,0,31,6758,48,3,3,1.0,0,0.7565507,1
0.0,0,0,23,3234,24,4,4,2.0,0,0.42696503,0
1.0,1,0,38,5954,30,3,3,1.0,1,0.78559756,1
0.0,0,1,26,5433,24,10,2,2.0,1,0.9198726,1
0.0,0,0,22,806,15,1,4,1.0,1,0.854385,1
1.0,1,0,27,1082,9,3,4,1.0,1,0.8886484,1
0.0,0,0,24,2788,15,4,2,1.0,1,0.5797051,1
0.0,0,0,27,2930,12,3,2,1.0,1,0.748712,1
0.0,0,0,33,1927,24,2,3,1.0,1,0.6639638,1
1.0,0,0,27,2820,36,6,4,1.0,0,0.4351901,0
1.0,0,0,27,937,24,9,4,1.0,1,0.6627177,1
1.0,1,0,30,1056,18,6,3,1.0,0,0.5608456,1
1.0,1,0,49,3124,12,6,1,1.0,1,0.9945612,1
0.0,0,0,26,1388,9,4,4,2.0,1,0.5830659,1
1.0,1,0,33,2384,36,8,4,2.0,0,0.3083763,0
0.0,0,0,52,2133,12,6,4,3.0,1,0.92164344,1
0.0,0,0,20,2039,18,4,1,2.0,0,0.6912289,1
1.0,1,0,36,2799,9,6,2,2.0,1,0.88478076,1
1.0,1,0,21,1289,12,4,4,1.0,1,0.85177803,1
1.0,0,0,47,1217,18,5,4,1.0,0,0.6454329,1
1.0,1,0,60,2246,12,4,3,1.0,0,0.97509205,1
0.0,0,0,58,385,12,3,4,1.0,1,0.96978927,1
0.0,0,0,42,1965,24,6,4,2.0,1,0.5129769,1
0.0,0,0,36,1572,21,1,4,1.0,1,0.6741832,1
0.0,0,0,20,2718,24,6,3,2.0,0,0.1396224,0
1.0,1,0,40,1358,24,7,4,1.0,0,0.46447948,0
0.0,0,0,32,931,6,6,1,1.0,0,0.97247666,1
0.0,0,0,23,1442,24,6,4,2.0,0,0.14838259,0
1.0,1,0,36,4241,24,1,1,1.0,0,0.6243928,1
1.0,1,0,31,2775,18,6,2,1.0,0,0.8496118,1
1.0,1,0,32,3863,24,1,1,3.0,1,0.5301682,1
0.0,0,0,45,2329,7,3,1,1.0,1,0.9463706,1
0.0,0,0,30,918,9,4,4,1.0,0,0.7524115,1
0.0,0,0,34,1837,24,2,4,3.0,0,0.047352094,0
0.0,0,0,28,3349,36,4,4,1.0,0,0.63469553,1
0.0,0,0,23,1275,10,4,4,1.0,1,0.7459117,1
1.0,1,0,22,2828,24,4,4,1.0,1,0.7637803,1
1.0,1,0,74,4526,24,1,3,1.0,1,0.03967568,0
0.0,0,0,50,2671,36,3,4,3.0,0,0.13783994,0
1.0,1,0,33,2051,18,3,4,1.0,1,0.8769299,1
1.0,1,0,45,1300,15,10,4,3.0,1,0.6796151,1
0.0,0,1,22,741,12,5,4,1.0,0,0.12100468,0
0.0,0,0,48,1240,10,6,1,3.0,0,0.75937223,1
0.0,0,0,29,3357,21,3,4,1.0,1,0.7308802,1
0.0,0,0,22,3632,24,10,1,2.0,1,0.9067738,1
0.0,0,0,22,1808,18,4,4,1.0,0,0.6968605,1
1.0,1,0,48,12204,48,1,2,1.0,1,0.6210841,1
1.0,1,0,27,9157,60,3,2,3.0,1,0.8384488,1
1.0,1,0,37,3676,6,6,1,2.0,1,0.89691323,1
0.0,0,0,21,3441,30,4,2,2.0,0,0.27543226,0
1.0,0,0,49,640,12,6,4,1.0,1,0.68880004,1
1.0,1,0,27,3652,21,1,2,1.0,1,0.74786955,1
1.0,1,0,32,1530,18,6,3,1.0,0,0.58059615,1
1.0,0,0,38,3914,48,1,4,1.0,0,0.042300817,0
0.0,0,0,22,1858,12,4,4,2.0,1,0.48847815,0
1.0,1,0,65,2600,18,3,4,3.0,0,0.31628925,0
1.0,1,0,35,1979,15,3,4,1.0,1,0.889365,1
1.0,1,0,41,2116,6,4,2,1.0,1,0.96716267,1
1.0,1,0,29,1437,9,6,2,1.0,0,0.86106855,1
1.0,1,0,36,4042,42,4,4,1.0,1,0.6895108,1
1.0,1,0,64,3832,9,2,1,1.0,1,0.9652028,1
0.0,0,0,28,3660,24,3,2,1.0,1,0.5745079,1
1.0,1,0,44,1553,18,4,4,1.0,0,0.74591887,1
1.0,1,0,23,1444,15,3,4,1.0,1,0.83967173,1
0.0,0,0,19,1980,9,4,2,2.0,0,0.52229565,1
0.0,0,0,25,1355,24,6,3,1.0,0,0.43720058,0
1.0,1,0,47,1393,12,2,4,1.0,1,0.97079915,1
0.0,0,0,28,1376,24,3,4,1.0,1,0.668763,1
1.0,1,0,21,15653,60,3,2,1.0,1,0.6458077,1
0.0,0,0,34,1493,12,3,4,1.0,1,0.76499534,1
1.0,1,0,26,4370,42,3,3,1.0,0,0.64182544,1
0.0,0,1,27,750,18,2,4,1.0,0,0.1049547,0
1.0,1,0,38,1308,15,8,4,1.0,1,0.6045192,1
1.0,1,0,40,4623,15,2,3,1.0,0,0.6816302,1
1.0,0,0,33,1851,24,3,4,1.0,1,0.68222755,1
1.0,0,0,32,1880,18,3,4,1.0,1,0.7394465,1
1.0,1,0,27,7980,36,1,4,2.0,0,0.018473087,0
1.0,0,0,32,4583,30,4,2,1.0,1,0.5754414,1
0.0,0,0,26,1386,12,6,2,1.0,0,0.8203255,1
1.0,1,0,38,947,24,6,4,3.0,0,0.21670128,0
1.0,1,0,40,684,12,2,4,2.0,0,0.94723016,1
1.0,1,0,50,7476,48,2,4,3.0,1,0.004641566,0
1.0,1,0,37,1922,12,4,4,1.0,0,0.8314643,1
1.0,1,0,45,2303,24,6,4,1.0,0,0.4803546,0
1.0,1,0,42,8086,36,6,2,1.0,0,0.5664275,1
1.0,1,0,35,2346,24,10,4,1.0,1,0.89117897,1
1.0,1,1,22,3973,14,6,1,3.0,1,0.97516406,1
1.0,1,0,41,888,12,6,4,1.0,0,0.5045246,1
1.0,1,0,37,10222,48,3,4,1.0,1,0.8268884,1
0.0,0,0,28,4221,30,1,2,1.0,1,0.6034669,1
1.0,1,0,41,6361,18,4,2,1.0,1,0.6909617,1
1.0,0,0,23,1297,12,3,3,2.0,1,0.609982,1
1.0,0,0,23,900,12,6,4,1.0,0,0.47562864,0
1.0,1,0,50,2241,21,4,4,1.0,1,0.7947663,1
1.0,1,1,35,1050,6,4,4,1.0,1,0.63299114,1
0.0,0,0,50,1047,6,2,2,1.0,1,0.9924951,1
1.0,1,1,27,6314,24,7,4,1.0,1,0.5964997,1
1.0,1,0,34,3496,30,4,4,1.0,1,0.7183434,1
0.0,0,0,27,3609,48,1,1,1.0,1,0.90153337,1
1.0,1,0,43,4843,12,6,3,2.0,0,0.71488595,1
1.0,1,0,47,3017,30,3,4,1.0,1,0.85141444,1
1.0,1,0,27,4139,24,1,3,1.0,1,0.65352994,1
1.0,1,0,31,5742,36,1,2,1.0,1,0.695104,1
1.0,1,0,42,10366,60,6,2,1.0,1,0.7457195,1
1.0,0,0,24,2080,6,6,1,1.0,1,0.9248502,1
1.0,1,0,41,2580,21,1,4,1.0,0,0.74710613,1
0.0,0,0,26,4530,30,3,4,2.0,1,0.37145975,0
1.0,1,0,33,5150,24,4,4,1.0,1,0.8365345,1
1.0,0,0,24,5595,72,3,2,1.0,0,0.84520453,1
1.0,1,0,64,2384,24,3,4,2.0,1,0.6736476,1
0.0,0,0,26,1453,18,3,3,1.0,1,0.7120202,1
0.0,0,0,56,1538,6,2,1,1.0,1,0.9911603,1
1.0,1,0,37,2279,12,3,4,3.0,1,0.7713991,1
1.0,0,0,33,1478,15,3,4,1.0,1,0.7519163,1
1.0,0,0,47,5103,24,3,3,3.0,1,0.73885316,1
1.0,1,0,31,9857,36,1,1,1.0,1,0.3485493,0
1.0,1,0,34,6527,60,6,4,3.0,1,0.3692821,0
1.0,1,0,27,1347,10,3,4,1.0,1,0.88718283,1
1.0,1,0,30,2862,36,6,4,3.0,1,0.117572084,0
1.0,1,0,35,2753,9,3,3,1.0,1,0.93670136,1
1.0,1,0,31,3651,12,6,1,1.0,1,0.9713627,1
1.0,0,0,25,975,15,4,2,1.0,1,0.5910593,1
0.0,0,0,25,2631,15,8,3,1.0,1,0.8427222,1
1.0,1,0,29,2896,24,3,2,1.0,1,0.72046405,1
1.0,1,0,44,4716,6,6,1,1.0,1,0.9841087,1
1.0,1,0,28,2284,24,3,4,1.0,1,0.8221256,1
1.0,1,0,50,1236,6,10,2,2.0,1,0.99391735,1
1.0,1,0,29,1103,12,3,4,1.0,1,0.87581474,1
0.0,0,1,38,926,12,6,1,1.0,1,0.98774284,1
1.0,1,0,24,1800,18,3,4,1.0,1,0.83555925,1
1.0,1,0,40,1905,15,2,4,2.0,1,0.8092873,1
0.0,0,0,29,1123,12,4,4,2.0,0,0.56874937,1
1.0,1,0,46,6331,48,10,4,3.0,0,0.21140894,0
0.0,0,0,47,1377,24,3,4,3.0,1,0.6936602,1
1.0,1,0,41,2503,30,1,4,1.0,1,0.6921192,1
0.0,0,0,32,2528,27,1,4,1.0,1,0.53062606,1
0.0,0,0,35,5324,15,6,1,3.0,1,0.49452165,0
1.0,1,0,24,6560,48,6,3,1.0,0,0.4844734,0
0.0,0,0,25,2969,12,4,4,2.0,0,0.49451238,0
0.0,0,0,25,1206,9,3,4,1.0,1,0.7267759,1
1.0,1,0,37,2118,9,3,2,1.0,1,0.957843,1
1.0,1,0,32,629,18,3,4,1.0,1,0.8331216,1
0.0,0,0,35,1198,6,2,4,3.0,0,0.25080344,0
1.0,1,0,46,2476,21,10,4,1.0,1,0.88320583,1
1.0,1,0,25,1138,9,3,4,1.0,1,0.88052005,1
1.0,1,0,27,14027,60,6,4,1.0,0,0.7441421,1
1.0,1,0,63,7596,30,10,1,1.0,1,0.99823016,1
1.0,1,0,40,3077,30,3,3,1.0,1,0.76345474,1
1.0,1,0,32,1505,18,3,4,3.0,1,0.66879797,1
1.0,1,0,31,3148,24,3,3,1.0,1,0.7882233,1
1.0,0,0,31,6148,20,10,3,1.0,1,0.93524635,1
1.0,1,0,34,1337,9,3,4,1.0,0,0.9135999,1
0.0,0,0,24,433,6,2,4,2.0,0,0.6985512,1
0.0,0,0,24,1228,12,6,4,1.0,0,0.5050823,1
0.0,0,0,66,790,9,3,4,1.0,1,0.99006915,1
0.0,0,0,21,2570,27,6,3,2.0,0,0.12629947,0
0.0,0,0,41,250,6,6,2,1.0,1,0.9410833,1
1.0,0,0,47,1316,15,3,2,1.0,1,0.9143065,1
0.0,0,0,25,1882,18,3,4,2.0,0,0.4181453,0
0.0,0,0,59,6416,48,1,4,2.0,0,0.00050029584,0
1.0,0,0,36,1275,24,1,2,1.0,1,0.7674056,1
1.0,1,0,33,6403,24,3,1,1.0,1,0.6727332,1
1.0,1,0,21,1987,24,3,2,2.0,0,0.5317746,1
0.0,0,0,44,760,8,3,4,1.0,1,0.9159258,1
0.0,0,0,28,2603,24,10,2,2.0,1,0.939286,1
0.0,0,0,37,3380,4,6,1,1.0,1,0.9234538,1
0.0,0,0,29,3990,36,5,3,1.0,1,0.39165232,0
0.0,0,0,23,11560,24,10,1,2.0,0,0.059186537,0
1.0,1,0,35,4380,18,6,3,1.0,1,0.7295581,1
1.0,1,0,45,6761,6,6,1,1.0,1,0.86165196,1
0.0,0,0,26,4280,30,1,4,2.0,0,0.04893343,0
1.0,1,0,32,2325,24,6,2,1.0,1,0.8252279,1
1.0,1,0,23,1048,10,3,4,1.0,1,0.8630691,1
1.0,1,0,41,3160,21,3,4,1.0,1,0.8849097,1
1.0,1,0,22,2483,24,4,4,1.0,1,0.75710094,1
1.0,1,0,30,14179,39,4,4,1.0,1,0.69505364,1
1.0,1,0,28,1797,13,1,3,1.0,1,0.92186993,1
0.0,0,1,23,2511,15,6,1,2.0,1,0.9540818,1
0.0,0,0,37,1274,12,6,3,1.0,0,0.77122396,1
1.0,1,0,26,5248,21,10,1,1.0,1,0.9915185,1
1.0,1,0,33,3029,15,10,2,1.0,1,0.9947351,1
0.0,0,0,49,428,6,4,2,1.0,1,0.97596735,1
0.0,0,0,23,976,18,6,1,1.0,0,0.9019038,1
0.0,0,0,23,841,12,1,2,2.0,1,0.94394594,1
0.0,0,0,25,5771,30,3,4,1.0,1,0.6804833,1
1.0,1,0,55,1555,12,8,4,3.0,0,0.8819169,1
0.0,0,0,32,1285,24,6,4,2.0,0,0.2395922,0
1.0,1,0,74,1299,6,6,1,1.0,1,0.99968857,1
1.0,1,0,39,1271,15,3,3,3.0,0,0.91389537,1
1.0,1,0,31,1393,24,6,2,1.0,1,0.80264425,1
1.0,1,0,35,691,12,6,4,1.0,0,0.45403615,0
0.0,0,0,59,5045,15,6,1,1.0,1,0.89509135,1
0.0,0,0,24,2124,18,4,4,2.0,0,0.44118077,0
1.0,1,0,24,2214,12,3,4,1.0,1,0.8801641,1
1.0,1,0,30,12680,21,6,4,3.0,0,0.03955535,0
1.0,0,0,27,2463,24,6,4,1.0,1,0.43969828,0
1.0,0,0,40,1155,12,3,3,1.0,1,0.87646437,1
1.0,0,0,31,3108,30,4,2,1.0,0,0.55197394,1
0.0,0,0,31,2901,10,10,1,2.0,1,0.9454399,1
1.0,1,0,28,3617,12,4,1,2.0,1,0.8144816,1
1.0,1,0,63,1655,12,3,2,1.0,1,0.99173677,1
0.0,0,0,26,2812,24,10,2,2.0,1,0.9298089,1
0.0,0,0,25,8065,36,2,3,1.0,0,0.42032224,0
1.0,1,0,36,3275,21,10,1,1.0,1,0.99887085,1
1.0,1,0,52,2223,24,3,4,1.0,1,0.89104,1
1.0,1,1,66,1480,12,6,2,3.0,1,0.9885698,1
0.0,0,0,25,1371,24,6,4,2.0,0,0.15085433,0
1.0,1,0,37,3535,36,6,4,1.0,1,0.5699395,1
0.0,0,0,25,3509,18,3,4,1.0,1,0.74726063,1
1.0,1,0,38,5711,36,10,4,1.0,1,0.8877912,1
0.0,0,1,67,3872,18,8,2,1.0,1,0.98177546,1
1.0,1,0,25,4933,39,3,2,1.0,0,0.6318075,1
1.0,1,0,60,1940,24,6,4,1.0,1,0.69096535,1
1.0,1,0,31,1410,12,9,2,1.0,1,0.98923475,1
0.0,0,0,23,836,12,6,4,1.0,0,0.4594002,0
1.0,0,1,60,6468,20,10,1,1.0,1,0.9988837,1
1.0,1,0,35,1941,18,1,4,1.0,1,0.8619534,1
1.0,1,0,40,2675,22,3,3,1.0,1,0.79006803,1
1.0,1,0,38,2751,48,10,4,1.0,1,0.8549731,1
1.0,1,0,50,6224,48,2,4,3.0,0,0.003995539,0
1.0,1,0,27,5998,40,2,4,1.0,0,0.37692192,0
0.0,0,0,39,1188,21,1,2,1.0,0,0.85751724,1
1.0,1,0,41,6313,24,10,3,1.0,1,0.9478502,1
1.0,0,0,27,1221,6,4,1,1.0,1,0.9198655,1
1.0,0,0,51,2892,24,4,3,3.0,1,0.8324685,1
1.0,1,0,32,3062,24,4,4,2.0,1,0.6621101,1
0.0,0,0,22,2301,9,4,2,2.0,1,0.57451,1
1.0,1,0,51,7511,18,10,1,3.0,0,0.46293306,0
0.0,0,0,22,1258,12,4,2,2.0,1,0.5024374,1
1.0,0,0,54,717,24,6,4,1.0,1,0.59206676,1
1.0,1,0,35,1549,9,6,4,1.0,1,0.5749197,1
1.0,1,0,54,1597,24,2,4,3.0,1,0.07760627,0
0.0,0,0,48,1795,18,3,3,2.0,1,0.9375142,1
0.0,0,0,24,4272,20,4,1,1.0,1,0.57544047,1
1.0,1,0,35,976,12,3,4,1.0,1,0.8956752,1
0.0,0,1,24,7472,12,6,1,2.0,1,0.91324466,1
1.0,1,0,24,9271,36,6,2,1.0,0,0.34682757,0
1.0,0,0,26,590,6,3,3,1.0,1,0.82099307,1
1.0,1,0,65,930,12,3,4,1.0,1,0.9888856,1
1.0,1,1,55,9283,42,10,1,3.0,1,0.9782991,1
0.0,0,0,26,1778,15,6,2,2.0,0,0.55253655,1
1.0,0,0,26,907,8,1,3,1.0,1,0.8860364,1
1.0,0,0,28,484,6,3,3,1.0,1,0.84235674,1
1.0,1,0,24,9629,36,10,4,1.0,0,0.5967202,1
1.0,1,0,54,3051,48,5,3,1.0,0,0.6147901,1
1.0,1,0,46,3931,48,6,4,3.0,0,0.12952022,0
0.0,0,0,54,7432,36,6,2,2.0,1,0.7197422,1
1.0,0,0,62,1338,6,5,1,1.0,1,0.9930383,1
0.0,0,0,24,1554,6,3,1,2.0,1,0.96646225,1
1.0,0,1,43,15857,36,7,2,1.0,1,0.73490584,1
1.0,0,0,26,1345,18,3,4,1.0,0,0.7018498,1
1.0,0,0,27,1101,12,6,3,1.0,1,0.5672071,1
1.0,0,0,24,3016,12,3,3,1.0,1,0.8086051,1
1.0,1,0,41,2712,36,4,2,1.0,0,0.7122915,1
1.0,1,0,47,731,8,6,4,1.0,1,0.75397503,1
1.0,0,0,35,3780,18,4,3,1.0,1,0.70173556,1
1.0,0,0,30,1602,21,6,4,1.0,1,0.43403152,0
0.0,0,0,33,3966,18,6,1,2.0,0,0.6678157,1
1.0,1,0,36,4165,18,1,2,1.0,0,0.50221854,1
1.0,1,0,47,8335,36,10,3,3.0,0,0.44531077,0
1.0,1,0,38,6681,48,1,4,3.0,1,0.00016370833,0
1.0,1,0,44,2375,24,1,4,1.0,1,0.6995539,1
0.0,0,0,23,1216,18,6,4,2.0,0,0.19826764,0
1.0,1,0,29,11816,45,1,2,2.0,0,0.020945126,0
0.0,0,0,42,5084,24,3,2,1.0,1,0.67656904,1
0.0,0,0,25,2327,15,3,2,1.0,0,0.6518026,1
1.0,1,0,48,1082,12,6,4,1.0,0,0.664233,1
0.0,0,0,21,886,12,3,4,1.0,1,0.6957241,1
0.0,0,0,23,601,4,4,1,2.0,1,0.9569854,1
1.0,1,0,63,2957,24,10,4,1.0,1,0.87956667,1
1.0,0,0,46,2611,24,3,4,1.0,1,0.79204804,1
1.0,1,0,29,5179,36,4,4,1.0,0,0.7030189,1
1.0,1,0,28,2993,21,10,3,1.0,1,0.95732415,1
0.0,0,0,23,1943,18,8,4,1.0,0,0.5445992,1
1.0,1,0,50,1559,24,1,4,1.0,1,0.6820363,1
1.0,1,0,47,3422,18,4,4,1.0,1,0.8474742,1
1.0,1,0,35,3976,21,4,2,1.0,1,0.76701987,1
1.0,1,0,68,6761,18,6,2,2.0,0,0.36381438,0
1.0,0,0,28,1249,24,6,4,1.0,1,0.39824033,0
1.0,1,0,59,1364,9,3,3,1.0,1,0.9925802,1
1.0,1,0,57,709,12,3,4,1.0,0,0.983438,1
1.0,0,0,33,2235,20,6,4,2.0,0,0.32559836,0
1.0,1,0,43,4042,24,10,3,1.0,1,0.97159773,1
1.0,1,0,35,1471,15,3,4,3.0,1,0.7847842,1
1.0,1,0,32,1442,18,6,4,3.0,0,0.2662662,0
1.0,1,0,45,10875,36,6,2,1.0,1,0.43263617,0
1.0,0,0,33,1474,24,6,4,1.0,1,0.39801747,0
0.0,0,0,40,894,10,9,4,1.0,1,0.8135155,1
1.0,1,0,28,3343,15,4,4,3.0,1,0.64934635,1
0.0,0,0,29,3959,15,6,3,1.0,0,0.7240707,1
1.0,1,0,26,3577,9,6,1,2.0,1,0.84067035,1
1.0,1,0,27,5804,24,10,4,1.0,1,0.8587958,1
1.0,0,0,28,2169,18,1,4,1.0,0,0.5731868,1
0.0,0,0,35,2439,24,3,4,1.0,0,0.66453993,1
1.0,1,0,32,4526,27,4,4,1.0,1,0.78820074,1
1.0,1,0,25,2210,10,4,2,2.0,0,0.7432739,1
0.0,0,0,20,2221,15,4,2,2.0,1,0.34900427,0
0.0,0,0,27,2389,18,3,4,1.0,1,0.7304386,1
1.0,1,0,42,3331,12,4,2,1.0,1,0.89622,1
1.0,1,0,37,7409,36,1,3,1.0,1,0.21263838,0
0.0,0,0,24,652,12,4,4,2.0,1,0.47751355,0
0.0,0,0,40,7678,36,4,2,1.0,1,0.55651164,1
1.0,1,0,46,1343,6,6,1,1.0,1,0.9984311,1
1.0,1,0,26,1382,24,1,4,1.0,1,0.699648,1
0.0,0,0,24,874,15,5,4,1.0,1,0.5790551,1
1.0,1,0,29,3590,12,4,2,1.0,1,0.8253977,1
0.0,0,0,40,1322,11,6,4,1.0,1,0.77572596,1
1.0,1,0,36,1940,18,3,3,3.0,1,0.8260149,1
1.0,1,0,28,3595,36,3,4,1.0,1,0.6605287,1
1.0,1,0,27,1422,9,6,3,3.0,0,0.5731026,1
1.0,1,0,36,6742,30,3,2,1.0,1,0.6740977,1
1.0,1,0,38,7814,24,10,3,1.0,1,0.90135944,1
1.0,0,0,48,9277,24,10,2,3.0,1,0.3168793,0
1.0,1,0,36,2181,30,6,4,1.0,1,0.50731903,1
0.0,0,1,65,1098,18,3,4,1.0,1,0.740658,1
1.0,0,0,43,4057,24,4,3,1.0,0,0.6850263,1
0.0,0,0,53,795,12,2,4,1.0,0,0.91833586,1
1.0,1,0,34,2825,24,1,4,1.0,1,0.77503604,1
1.0,1,0,23,15672,48,1,2,1.0,0,0.013471495,0
1.0,1,0,34,6614,36,6,4,1.0,1,0.63137186,1
1.0,1,0,40,7824,28,10,3,2.0,1,0.71358705,1
1.0,1,0,43,2442,27,1,4,1.0,1,0.69916826,1
1.0,1,0,46,1829,15,3,4,1.0,1,0.9281565,1
1.0,1,0,38,2171,12,6,4,1.0,1,0.5861998,1
1.0,1,0,34,5800,36,10,3,1.0,1,0.89161617,1
1.0,1,0,29,1169,18,3,4,1.0,1,0.84956396,1
1.0,1,0,31,8947,36,10,3,1.0,1,0.7337135,1
0.0,0,0,28,2606,21,3,4,2.0,1,0.4226795,0
0.0,0,0,35,1592,12,4,3,1.0,1,0.7927225,1
0.0,0,0,33,2186,15,4,1,2.0,1,0.7630056,1
1.0,1,0,42,4153,18,4,2,1.0,0,0.82448244,1
1.0,1,0,43,2625,16,6,2,2.0,0,0.8779908,1
1.0,0,0,44,3485,20,6,2,1.0,1,0.8473182,1
1.0,1,0,42,10477,36,10,2,3.0,1,0.26254678,0
1.0,0,0,40,1386,15,3,4,2.0,1,0.7303894,1
1.0,1,0,36,1278,24,3,4,1.0,1,0.8192916,1
1.0,1,0,20,1107,12,3,2,2.0,1,0.7685138,1
1.0,1,0,24,3763,21,6,2,1.0,1,0.6903078,1
1.0,0,0,27,3711,36,2,2,1.0,1,0.5567592,1
0.0,0,0,46,3594,15,10,1,1.0,1,0.9974513,1
0.0,0,0,33,3195,9,6,1,1.0,1,0.92050004,1
0.0,0,0,34,4454,36,3,4,1.0,1,0.6944394,1
0.0,0,0,25,4736,24,4,2,1.0,0,0.41571617,0
0.0,0,0,25,2991,30,3,2,1.0,1,0.4663818,0
1.0,0,0,28,2142,11,1,1,1.0,1,0.9413008,1
1.0,1,0,31,3161,24,1,4,2.0,0,0.1798028,0
0.0,0,0,32,18424,48,7,1,1.0,0,0.07449212,0
1.0,1,0,32,2848,10,10,1,1.0,1,0.9990538,1
1.0,1,0,68,14896,6,6,1,1.0,0,0.044327058,0
1.0,0,1,33,2359,24,4,1,1.0,0,0.9462918,1
1.0,1,0,39,3345,24,4,4,2.0,0,0.67838377,1
0.0,0,0,28,1817,18,4,4,1.0,1,0.70283496,1
1.0,1,0,37,12749,48,3,4,1.0,1,0.81418264,1
0.0,0,0,22,1366,9,3,3,2.0,0,0.57973236,1
1.0,1,0,30,2002,12,6,3,2.0,1,0.54430544,1
1.0,0,0,55,6872,24,4,2,1.0,0,0.48429504,0
1.0,1,0,46,697,12,6,4,1.0,0,0.61095697,1
0.0,0,0,21,1049,18,4,4,2.0,1,0.39986408,0
1.0,1,0,39,10297,48,10,4,3.0,0,0.13678792,0
1.0,1,0,58,1867,30,3,4,1.0,1,0.85741436,1
1.0,1,0,43,1344,12,6,4,1.0,1,0.56532216,1
1.0,1,0,24,1747,24,4,4,1.0,1,0.73860407,1
0.0,0,0,22,1670,9,3,4,1.0,0,0.71752566,1
1.0,1,0,30,1224,9,6,3,1.0,1,0.60962546,1
1.0,1,0,42,522,12,3,4,1.0,1,0.9350199,1
0.0,0,0,23,1498,12,3,4,1.0,1,0.71342283,1
1.0,1,0,30,1919,30,3,4,1.0,0,0.76841766,1
0.0,0,0,28,745,9,3,3,1.0,0,0.8031078,1
1.0,0,0,30,2063,6,3,4,2.0,1,0.68872124,1
1.0,1,0,42,6288,60,2,4,3.0,0,0.006368952,0
1.0,1,0,46,6842,24,10,2,1.0,1,0.9884766,1
1.0,1,0,45,3527,12,6,2,1.0,1,0.92184925,1
1.0,1,0,31,1546,10,6,3,1.0,1,0.61465305,1
1.0,1,0,31,929,24,4,4,1.0,1,0.66765547,1
1.0,1,0,42,1455,4,6,2,1.0,1,0.9757879,1
0.0,0,0,46,1845,15,4,4,2.0,1,0.8691037,1
0.0,0,0,30,8358,48,6,1,1.0,1,0.62339455,1
1.0,1,0,30,3349,24,4,4,3.0,0,0.5391029,1
1.0,1,1,38,2859,12,6,4,1.0,1,0.38411418,0
1.0,0,0,43,1533,18,4,4,1.0,0,0.7180564,1
1.0,1,0,31,3621,24,3,2,1.0,0,0.7364744,1
1.0,0,1,40,3590,18,1,3,1.0,1,0.31006032,0
1.0,1,0,24,2145,36,1,2,1.0,0,0.31246227,0
0.0,0,0,28,4113,24,10,3,2.0,0,0.7594343,1
0.0,0,1,26,10974,36,4,4,1.0,0,0.74744695,1
0.0,0,0,29,1893,12,6,4,1.0,1,0.6414189,1
0.0,0,0,57,1231,24,3,4,2.0,1,0.89750934,1
1.0,1,0,49,3656,30,3,4,1.0,1,0.85287505,1
1.0,1,0,37,1154,9,3,2,1.0,1,0.95941323,1
1.0,1,0,45,4006,28,6,3,1.0,0,0.7072512,1
1.0,1,0,30,3069,24,4,4,3.0,1,0.5260481,1
1.0,0,0,30,1740,6,3,2,2.0,1,0.9280538,1
1.0,0,0,47,2353,21,6,1,1.0,1,0.9678554,1
1.0,1,0,29,3556,15,6,3,1.0,1,0.715958,1
1.0,1,0,35,2397,24,3,3,1.0,0,0.7713629,1
1.0,0,0,22,454,6,8,3,1.0,1,0.76558596,1
0.0,0,0,26,1715,30,3,4,1.0,1,0.6458968,1
1.0,1,0,23,2520,27,3,4,1.0,0,0.7108225,1
0.0,0,0,54,3568,15,3,4,2.0,1,0.7579194,1
1.0,0,0,29,7166,42,3,2,2.0,1,0.7141588,1
1.0,1,0,40,3939,11,6,1,1.0,1,0.98858446,1
1.0,1,0,22,1514,15,8,4,1.0,1,0.6154109,1
1.0,1,0,43,7393,24,6,1,1.0,1,0.85717934,1
0.0,0,1,29,1193,24,6,1,2.0,0,0.93086326,1
1.0,1,0,36,7297,60,1,4,2.0,0,0.0015374853,0
0.0,0,0,33,2831,30,3,4,1.0,1,0.66157347,1
0.0,0,0,57,1258,24,3,3,1.0,1,0.9272009,1
0.0,0,0,64,753,6,3,2,1.0,1,0.9968261,1
1.0,1,0,42,2427,18,1,4,1.0,1,0.7673968,1
1.0,1,0,47,2538,24,6,4,1.0,0,0.5242992,1
1.0,0,0,25,1264,15,6,2,2.0,0,0.47244808,0
1.0,1,0,49,8386,30,4,2,1.0,0,0.3540385,0
1.0,1,1,33,4844,48,1,3,2.0,0,0.007167816,0
0.0,0,0,28,2923,21,6,1,1.0,1,0.9061653,1
1.0,1,0,26,8229,36,10,2,1.0,0,0.6825777,1
1.0,1,0,30,2028,24,4,2,1.0,1,0.7041286,1
0.0,0,0,25,1433,15,4,4,2.0,1,0.45744953,0
1.0,0,0,33,6289,42,1,2,1.0,1,0.41245866,0
0.0,0,1,64,1409,13,3,2,1.0,1,0.9737123,1
1.0,1,1,29,6579,24,10,4,3.0,1,0.19752882,0
1.0,1,0,48,1743,24,3,4,1.0,1,0.853193,1
1.0,1,0,37,3565,12,2,2,1.0,1,0.91554433,1
1.0,1,0,34,1569,15,3,4,1.0,1,0.8788644,1
1.0,0,0,23,1936,18,3,2,2.0,1,0.55101043,1
1.0,1,1,30,3959,36,4,4,1.0,1,0.6803966,1
1.0,1,0,50,2390,12,6,4,1.0,1,0.7328578,1
0.0,0,0,31,1736,12,4,3,1.0,1,0.75938416,1
1.0,0,0,40,3857,30,10,4,1.0,1,0.8943598,1
1.0,1,0,38,804,12,3,4,1.0,1,0.9123361,1
1.0,1,0,23,1845,45,3,4,3.0,0,0.052874215,0
1.0,1,1,27,4576,45,10,3,1.0,1,0.87829405,1
